{
  "schema": "v1",
  "enabled": true,
  "name": "Willbender",
  "anchor": {
    "Screen": "BottomCenter"
  },
  "pos": [
    0.0,
    0.0
  ],
  "opacity": 1.0,
  "trigger": {
    "source": {
      "type": "Inherit"
    },
    "threshold": {
      "threshold_type": "Always",
      "amount_type": "Intensity"
    }
  },
  "filter": {
    "player": {
      "combat": null,
      "specs": [],
      "weapons": [],
      "traits": [],
      "mounts": [
        "None"
      ]
    },
    "map": {
      "category": [],
      "whitelist": true,
      "ids": []
    }
  },
  "animation": null,
  "layer": 0,
  "elements": [
    {
      "enabled": false,
      "name": "Interface Larger",
      "anchor": "Parent",
      "pos": [
        0.0,
        0.0
      ],
      "opacity": 1.0,
      "trigger": {
        "source": {
          "type": "Inherit"
        },
        "threshold": {
          "threshold_type": "Always",
          "amount_type": "Intensity"
        }
      },
      "filter": {
        "player": {
          "combat": null,
          "specs": [],
          "weapons": [],
          "traits": [],
          "mounts": []
        },
        "map": {
          "category": [],
          "whitelist": true,
          "ids": []
        }
      },
      "animation": null,
      "type": "Group",
      "members": [
        {
          "enabled": true,
          "name": "Root",
          "anchor": "Parent",
          "pos": [
            -4.0,
            -4.0
          ],
          "opacity": 1.0,
          "trigger": {
            "source": {
              "type": "Inherit"
            },
            "threshold": {
              "threshold_type": "Always",
              "amount_type": "Intensity"
            }
          },
          "filter": {
            "player": {
              "combat": null,
              "specs": [],
              "weapons": [],
              "traits": [],
              "mounts": []
            },
            "map": {
              "category": [],
              "whitelist": true,
              "ids": []
            }
          },
          "animation": null,
          "type": "Group",
          "members": [
            {
              "enabled": true,
              "name": "Justice",
              "anchor": "Parent",
              "pos": [
                -239.99997,
                -188.39996
              ],
              "opacity": 1.0,
              "trigger": {
                "source": {
                  "type": "Buff",
                  "combatant": "Player",
                  "ids": [
                    62529
                  ]
                },
                "threshold": {
                  "threshold_type": "Present",
                  "amount_type": "Intensity"
                }
              },
              "filter": {
                "player": {
                  "combat": null,
                  "specs": [],
                  "weapons": [],
                  "traits": [],
                  "mounts": []
                },
                "map": {
                  "category": [],
                  "whitelist": true,
                  "ids": []
                }
              },
              "animation": null,
              "type": "Group",
              "members": [
                {
                  "enabled": true,
                  "name": "BG",
                  "anchor": "Parent",
                  "pos": [
                    0.0,
                    0.0
                  ],
                  "opacity": 1.0,
                  "trigger": {
                    "source": {
                      "type": "Inherit"
                    },
                    "threshold": {
                      "threshold_type": "Present",
                      "amount_type": "Intensity"
                    }
                  },
                  "filter": {
                    "player": {
                      "combat": null,
                      "specs": [],
                      "weapons": [],
                      "traits": [],
                      "mounts": []
                    },
                    "map": {
                      "category": [],
                      "whitelist": true,
                      "ids": []
                    }
                  },
                  "animation": null,
                  "type": "Icon",
                  "icon": {
                    "File": "Willbender\\Rushing_Justice.png"
                  },
                  "tint": [
                    0.40579712,
                    0.40579307,
                    0.40579307,
                    1.0
                  ],
                  "zoom": 0.9090909,
                  "round": 0.0,
                  "border_size": 0.0,
                  "border_color": [
                    0.0,
                    0.0,
                    0.0,
                    1.0
                  ],
                  "conditions": [],
                  "duration_bar": false,
                  "duration_text": false,
                  "stacks_text": false,
                  "size": [
                    43.199993,
                    43.199993
                  ]
                },
                {
                  "enabled": true,
                  "name": "Pulse",
                  "anchor": "Parent",
                  "pos": [
                    0.0,
                    0.0
                  ],
                  "opacity": 1.0,
                  "trigger": {
                    "source": {
                      "type": "Inherit"
                    },
                    "threshold": {
                      "threshold_type": {
                        "Between": [
                          0.001,
                          2.999
                        ]
                      },
                      "amount_type": "Duration"
                    }
                  },
                  "filter": {
                    "player": {
                      "combat": null,
                      "specs": [],
                      "weapons": [],
                      "traits": [],
                      "mounts": []
                    },
                    "map": {
                      "category": [],
                      "whitelist": true,
                      "ids": []
                    }
                  },
                  "animation": {
                    "kind": "Pulse",
                    "period": 830
                  },
                  "type": "Icon",
                  "icon": {
                    "File": "Willbender\\Rushing_Justice.png"
                  },
                  "tint": [
                    1.0,
                    1.0,
                    1.0,
                    1.0
                  ],
                  "zoom": 0.9090909,
                  "round": 0.0,
                  "border_size": 0.0,
                  "border_color": [
                    0.0,
                    0.0,
                    0.0,
                    1.0
                  ],
                  "conditions": [],
                  "duration_bar": false,
                  "duration_text": false,
                  "stacks_text": false,
                  "size": [
                    43.199993,
                    43.199993
                  ]
                },
                {
                  "enabled": true,
                  "name": "ON",
                  "anchor": "Parent",
                  "pos": [
                    0.0,
                    0.0
                  ],
                  "opacity": 1.0,
                  "trigger": {
                    "source": {
                      "type": "Inherit"
                    },
                    "threshold": {
                      "threshold_type": {
                        "Above": 3.0
                      },
                      "amount_type": "Duration"
                    }
                  },
                  "filter": {
                    "player": {
                      "combat": null,
                      "specs": [],
                      "weapons": [],
                      "traits": [],
                      "mounts": []
                    },
                    "map": {
                      "category": [],
                      "whitelist": true,
                      "ids": []
                    }
                  },
                  "animation": null,
                  "type": "Icon",
                  "icon": {
                    "File": "Willbender\\Rushing_Justice.png"
                  },
                  "tint": [
                    1.0,
                    1.0,
                    1.0,
                    1.0
                  ],
                  "zoom": 0.9090909,
                  "round": 0.0,
                  "border_size": 0.0,
                  "border_color": [
                    0.0,
                    0.0,
                    0.0,
                    1.0
                  ],
                  "conditions": [],
                  "duration_bar": false,
                  "duration_text": false,
                  "stacks_text": false,
                  "size": [
                    43.199993,
                    43.199993
                  ]
                }
              ]
            },
            {
              "enabled": true,
              "name": "Resolve",
              "anchor": "Parent",
              "pos": [
                -191.99997,
                -188.39996
              ],
              "opacity": 1.0,
              "trigger": {
                "source": {
                  "type": "Buff",
                  "combatant": "Player",
                  "ids": [
                    62632
                  ]
                },
                "threshold": {
                  "threshold_type": "Present",
                  "amount_type": "Intensity"
                }
              },
              "filter": {
                "player": {
                  "combat": null,
                  "specs": [],
                  "weapons": [],
                  "traits": [],
                  "mounts": []
                },
                "map": {
                  "category": [],
                  "whitelist": true,
                  "ids": []
                }
              },
              "animation": null,
              "type": "Group",
              "members": [
                {
                  "enabled": true,
                  "name": "BG",
                  "anchor": "Parent",
                  "pos": [
                    0.0,
                    0.0
                  ],
                  "opacity": 1.0,
                  "trigger": {
                    "source": {
                      "type": "Inherit"
                    },
                    "threshold": {
                      "threshold_type": "Present",
                      "amount_type": "Intensity"
                    }
                  },
                  "filter": {
                    "player": {
                      "combat": null,
                      "specs": [],
                      "weapons": [],
                      "traits": [],
                      "mounts": []
                    },
                    "map": {
                      "category": [],
                      "whitelist": true,
                      "ids": []
                    }
                  },
                  "animation": null,
                  "type": "Icon",
                  "icon": {
                    "File": "Willbender\\Flowing_Resolve.png"
                  },
                  "tint": [
                    0.40579712,
                    0.40579307,
                    0.40579307,
                    1.0
                  ],
                  "zoom": 0.9090909,
                  "round": 0.0,
                  "border_size": 0.0,
                  "border_color": [
                    0.0,
                    0.0,
                    0.0,
                    1.0
                  ],
                  "conditions": [],
                  "duration_bar": false,
                  "duration_text": false,
                  "stacks_text": false,
                  "size": [
                    43.199993,
                    43.199993
                  ]
                },
                {
                  "enabled": true,
                  "name": "Pulse",
                  "anchor": "Parent",
                  "pos": [
                    0.0,
                    0.0
                  ],
                  "opacity": 1.0,
                  "trigger": {
                    "source": {
                      "type": "Inherit"
                    },
                    "threshold": {
                      "threshold_type": {
                        "Between": [
                          0.001,
                          2.999
                        ]
                      },
                      "amount_type": "Duration"
                    }
                  },
                  "filter": {
                    "player": {
                      "combat": null,
                      "specs": [],
                      "weapons": [],
                      "traits": [],
                      "mounts": []
                    },
                    "map": {
                      "category": [],
                      "whitelist": true,
                      "ids": []
                    }
                  },
                  "animation": {
                    "kind": "Pulse",
                    "period": 830
                  },
                  "type": "Icon",
                  "icon": {
                    "File": "Willbender\\Flowing_Resolve.png"
                  },
                  "tint": [
                    1.0,
                    1.0,
                    1.0,
                    1.0
                  ],
                  "zoom": 0.9090909,
                  "round": 0.0,
                  "border_size": 0.0,
                  "border_color": [
                    0.0,
                    0.0,
                    0.0,
                    1.0
                  ],
                  "conditions": [],
                  "duration_bar": false,
                  "duration_text": false,
                  "stacks_text": false,
                  "size": [
                    43.199993,
                    43.199993
                  ]
                },
                {
                  "enabled": true,
                  "name": "ON",
                  "anchor": "Parent",
                  "pos": [
                    0.0,
                    0.0
                  ],
                  "opacity": 1.0,
                  "trigger": {
                    "source": {
                      "type": "Inherit"
                    },
                    "threshold": {
                      "threshold_type": {
                        "Above": 3.0
                      },
                      "amount_type": "Duration"
                    }
                  },
                  "filter": {
                    "player": {
                      "combat": null,
                      "specs": [],
                      "weapons": [],
                      "traits": [],
                      "mounts": []
                    },
                    "map": {
                      "category": [],
                      "whitelist": true,
                      "ids": []
                    }
                  },
                  "animation": null,
                  "type": "Icon",
                  "icon": {
                    "File": "Willbender\\Flowing_Resolve.png"
                  },
                  "tint": [
                    1.0,
                    1.0,
                    1.0,
                    1.0
                  ],
                  "zoom": 0.9090909,
                  "round": 0.0,
                  "border_size": 0.0,
                  "border_color": [
                    0.0,
                    0.0,
                    0.0,
                    1.0
                  ],
                  "conditions": [],
                  "duration_bar": false,
                  "duration_text": false,
                  "stacks_text": false,
                  "size": [
                    43.199993,
                    43.199993
                  ]
                }
              ]
            },
            {
              "enabled": true,
              "name": "Courage",
              "anchor": "Parent",
              "pos": [
                -143.99997,
                -188.39996
              ],
              "opacity": 1.0,
              "trigger": {
                "source": {
                  "type": "Buff",
                  "combatant": "Player",
                  "ids": [
                    62615
                  ]
                },
                "threshold": {
                  "threshold_type": "Present",
                  "amount_type": "Intensity"
                }
              },
              "filter": {
                "player": {
                  "combat": null,
                  "specs": [],
                  "weapons": [],
                  "traits": [],
                  "mounts": []
                },
                "map": {
                  "category": [],
                  "whitelist": true,
                  "ids": []
                }
              },
              "animation": null,
              "type": "Group",
              "members": [
                {
                  "enabled": true,
                  "name": "BG",
                  "anchor": "Parent",
                  "pos": [
                    0.0,
                    0.0
                  ],
                  "opacity": 1.0,
                  "trigger": {
                    "source": {
                      "type": "Inherit"
                    },
                    "threshold": {
                      "threshold_type": "Present",
                      "amount_type": "Intensity"
                    }
                  },
                  "filter": {
                    "player": {
                      "combat": null,
                      "specs": [],
                      "weapons": [],
                      "traits": [],
                      "mounts": []
                    },
                    "map": {
                      "category": [],
                      "whitelist": true,
                      "ids": []
                    }
                  },
                  "animation": null,
                  "type": "Icon",
                  "icon": {
                    "File": "Willbender\\Crashing_Courage.png"
                  },
                  "tint": [
                    0.40579712,
                    0.40579307,
                    0.40579307,
                    1.0
                  ],
                  "zoom": 0.9090909,
                  "round": 0.0,
                  "border_size": 0.0,
                  "border_color": [
                    0.0,
                    0.0,
                    0.0,
                    1.0
                  ],
                  "conditions": [],
                  "duration_bar": false,
                  "duration_text": false,
                  "stacks_text": false,
                  "size": [
                    43.199993,
                    43.199993
                  ]
                },
                {
                  "enabled": true,
                  "name": "Pulse",
                  "anchor": "Parent",
                  "pos": [
                    0.0,
                    0.0
                  ],
                  "opacity": 1.0,
                  "trigger": {
                    "source": {
                      "type": "Inherit"
                    },
                    "threshold": {
                      "threshold_type": {
                        "Between": [
                          0.001,
                          2.999
                        ]
                      },
                      "amount_type": "Duration"
                    }
                  },
                  "filter": {
                    "player": {
                      "combat": null,
                      "specs": [],
                      "weapons": [],
                      "traits": [],
                      "mounts": []
                    },
                    "map": {
                      "category": [],
                      "whitelist": true,
                      "ids": []
                    }
                  },
                  "animation": {
                    "kind": "Pulse",
                    "period": 830
                  },
                  "type": "Icon",
                  "icon": {
                    "File": "Willbender\\Crashing_Courage.png"
                  },
                  "tint": [
                    1.0,
                    1.0,
                    1.0,
                    1.0
                  ],
                  "zoom": 0.9090909,
                  "round": 0.0,
                  "border_size": 0.0,
                  "border_color": [
                    0.0,
                    0.0,
                    0.0,
                    1.0
                  ],
                  "conditions": [],
                  "duration_bar": false,
                  "duration_text": false,
                  "stacks_text": false,
                  "size": [
                    43.199993,
                    43.199993
                  ]
                },
                {
                  "enabled": true,
                  "name": "ON",
                  "anchor": "Parent",
                  "pos": [
                    0.0,
                    0.0
                  ],
                  "opacity": 1.0,
                  "trigger": {
                    "source": {
                      "type": "Inherit"
                    },
                    "threshold": {
                      "threshold_type": {
                        "Above": 3.0
                      },
                      "amount_type": "Duration"
                    }
                  },
                  "filter": {
                    "player": {
                      "combat": null,
                      "specs": [],
                      "weapons": [],
                      "traits": [],
                      "mounts": []
                    },
                    "map": {
                      "category": [],
                      "whitelist": true,
                      "ids": []
                    }
                  },
                  "animation": null,
                  "type": "Icon",
                  "icon": {
                    "File": "Willbender\\Crashing_Courage.png"
                  },
                  "tint": [
                    1.0,
                    1.0,
                    1.0,
                    1.0
                  ],
                  "zoom": 0.9090909,
                  "round": 0.0,
                  "border_size": 0.0,
                  "border_color": [
                    0.0,
                    0.0,
                    0.0,
                    1.0
                  ],
                  "conditions": [],
                  "duration_bar": false,
                  "duration_text": false,
                  "stacks_text": false,
                  "size": [
                    43.199993,
                    43.199993
                  ]
                }
              ]
            }
          ]
        }
      ]
    },
    {
      "enabled": false,
      "name": "Interface Large",
      "anchor": "Parent",
      "pos": [
        0.0,
        0.0
      ],
      "opacity": 1.0,
      "trigger": {
        "source": {
          "type": "Inherit"
        },
        "threshold": {
          "threshold_type": "Always",
          "amount_type": "Intensity"
        }
      },
      "filter": {
        "player": {
          "combat": null,
          "specs": [],
          "weapons": [],
          "traits": [],
          "mounts": []
        },
        "map": {
          "category": [],
          "whitelist": true,
          "ids": []
        }
      },
      "animation": null,
      "type": "Group",
      "members": [
        {
          "enabled": true,
          "name": "Root",
          "anchor": "Parent",
          "pos": [
            -1.0,
            -2.0
          ],
          "opacity": 1.0,
          "trigger": {
            "source": {
              "type": "Inherit"
            },
            "threshold": {
              "threshold_type": "Always",
              "amount_type": "Intensity"
            }
          },
          "filter": {
            "player": {
              "combat": null,
              "specs": [],
              "weapons": [],
              "traits": [],
              "mounts": []
            },
            "map": {
              "category": [],
              "whitelist": true,
              "ids": []
            }
          },
          "animation": null,
          "type": "Group",
          "members": [
            {
              "enabled": true,
              "name": "Justice",
              "anchor": "Parent",
              "pos": [
                -219.99998,
                -172.69998
              ],
              "opacity": 1.0,
              "trigger": {
                "source": {
                  "type": "Buff",
                  "combatant": "Player",
                  "ids": [
                    62529
                  ]
                },
                "threshold": {
                  "threshold_type": "Present",
                  "amount_type": "Intensity"
                }
              },
              "filter": {
                "player": {
                  "combat": null,
                  "specs": [],
                  "weapons": [],
                  "traits": [],
                  "mounts": []
                },
                "map": {
                  "category": [],
                  "whitelist": true,
                  "ids": []
                }
              },
              "animation": null,
              "type": "Group",
              "members": [
                {
                  "enabled": true,
                  "name": "BG",
                  "anchor": "Parent",
                  "pos": [
                    0.0,
                    0.0
                  ],
                  "opacity": 1.0,
                  "trigger": {
                    "source": {
                      "type": "Inherit"
                    },
                    "threshold": {
                      "threshold_type": "Present",
                      "amount_type": "Intensity"
                    }
                  },
                  "filter": {
                    "player": {
                      "combat": null,
                      "specs": [],
                      "weapons": [],
                      "traits": [],
                      "mounts": []
                    },
                    "map": {
                      "category": [],
                      "whitelist": true,
                      "ids": []
                    }
                  },
                  "animation": null,
                  "type": "Icon",
                  "icon": {
                    "File": "Willbender\\Rushing_Justice.png"
                  },
                  "tint": [
                    0.40579712,
                    0.40579307,
                    0.40579307,
                    1.0
                  ],
                  "zoom": 0.9090909,
                  "round": 0.0,
                  "border_size": 0.0,
                  "border_color": [
                    0.0,
                    0.0,
                    0.0,
                    1.0
                  ],
                  "conditions": [],
                  "duration_bar": false,
                  "duration_text": false,
                  "stacks_text": false,
                  "size": [
                    39.6,
                    39.6
                  ]
                },
                {
                  "enabled": true,
                  "name": "Pulse",
                  "anchor": "Parent",
                  "pos": [
                    0.0,
                    0.0
                  ],
                  "opacity": 1.0,
                  "trigger": {
                    "source": {
                      "type": "Inherit"
                    },
                    "threshold": {
                      "threshold_type": {
                        "Between": [
                          0.001,
                          2.999
                        ]
                      },
                      "amount_type": "Duration"
                    }
                  },
                  "filter": {
                    "player": {
                      "combat": null,
                      "specs": [],
                      "weapons": [],
                      "traits": [],
                      "mounts": []
                    },
                    "map": {
                      "category": [],
                      "whitelist": true,
                      "ids": []
                    }
                  },
                  "animation": {
                    "kind": "Pulse",
                    "period": 830
                  },
                  "type": "Icon",
                  "icon": {
                    "File": "Willbender\\Rushing_Justice.png"
                  },
                  "tint": [
                    1.0,
                    1.0,
                    1.0,
                    1.0
                  ],
                  "zoom": 0.9090909,
                  "round": 0.0,
                  "border_size": 0.0,
                  "border_color": [
                    0.0,
                    0.0,
                    0.0,
                    1.0
                  ],
                  "conditions": [],
                  "duration_bar": false,
                  "duration_text": false,
                  "stacks_text": false,
                  "size": [
                    39.6,
                    39.6
                  ]
                },
                {
                  "enabled": true,
                  "name": "ON",
                  "anchor": "Parent",
                  "pos": [
                    0.0,
                    0.0
                  ],
                  "opacity": 1.0,
                  "trigger": {
                    "source": {
                      "type": "Inherit"
                    },
                    "threshold": {
                      "threshold_type": {
                        "Above": 3.0
                      },
                      "amount_type": "Duration"
                    }
                  },
                  "filter": {
                    "player": {
                      "combat": null,
                      "specs": [],
                      "weapons": [],
                      "traits": [],
                      "mounts": []
                    },
                    "map": {
                      "category": [],
                      "whitelist": true,
                      "ids": []
                    }
                  },
                  "animation": null,
                  "type": "Icon",
                  "icon": {
                    "File": "Willbender\\Rushing_Justice.png"
                  },
                  "tint": [
                    1.0,
                    1.0,
                    1.0,
                    1.0
                  ],
                  "zoom": 0.9090909,
                  "round": 0.0,
                  "border_size": 0.0,
                  "border_color": [
                    0.0,
                    0.0,
                    0.0,
                    1.0
                  ],
                  "conditions": [],
                  "duration_bar": false,
                  "duration_text": false,
                  "stacks_text": false,
                  "size": [
                    39.6,
                    39.6
                  ]
                }
              ]
            },
            {
              "enabled": true,
              "name": "Resolve",
              "anchor": "Parent",
              "pos": [
                -175.99998,
                -172.69998
              ],
              "opacity": 1.0,
              "trigger": {
                "source": {
                  "type": "Buff",
                  "combatant": "Player",
                  "ids": [
                    62632
                  ]
                },
                "threshold": {
                  "threshold_type": "Present",
                  "amount_type": "Intensity"
                }
              },
              "filter": {
                "player": {
                  "combat": null,
                  "specs": [],
                  "weapons": [],
                  "traits": [],
                  "mounts": []
                },
                "map": {
                  "category": [],
                  "whitelist": true,
                  "ids": []
                }
              },
              "animation": null,
              "type": "Group",
              "members": [
                {
                  "enabled": true,
                  "name": "BG",
                  "anchor": "Parent",
                  "pos": [
                    0.0,
                    0.0
                  ],
                  "opacity": 1.0,
                  "trigger": {
                    "source": {
                      "type": "Inherit"
                    },
                    "threshold": {
                      "threshold_type": "Present",
                      "amount_type": "Intensity"
                    }
                  },
                  "filter": {
                    "player": {
                      "combat": null,
                      "specs": [],
                      "weapons": [],
                      "traits": [],
                      "mounts": []
                    },
                    "map": {
                      "category": [],
                      "whitelist": true,
                      "ids": []
                    }
                  },
                  "animation": null,
                  "type": "Icon",
                  "icon": {
                    "File": "Willbender\\Flowing_Resolve.png"
                  },
                  "tint": [
                    0.40579712,
                    0.40579307,
                    0.40579307,
                    1.0
                  ],
                  "zoom": 0.9090909,
                  "round": 0.0,
                  "border_size": 0.0,
                  "border_color": [
                    0.0,
                    0.0,
                    0.0,
                    1.0
                  ],
                  "conditions": [],
                  "duration_bar": false,
                  "duration_text": false,
                  "stacks_text": false,
                  "size": [
                    39.6,
                    39.6
                  ]
                },
                {
                  "enabled": true,
                  "name": "Pulse",
                  "anchor": "Parent",
                  "pos": [
                    0.0,
                    0.0
                  ],
                  "opacity": 1.0,
                  "trigger": {
                    "source": {
                      "type": "Inherit"
                    },
                    "threshold": {
                      "threshold_type": {
                        "Between": [
                          0.001,
                          2.999
                        ]
                      },
                      "amount_type": "Duration"
                    }
                  },
                  "filter": {
                    "player": {
                      "combat": null,
                      "specs": [],
                      "weapons": [],
                      "traits": [],
                      "mounts": []
                    },
                    "map": {
                      "category": [],
                      "whitelist": true,
                      "ids": []
                    }
                  },
                  "animation": {
                    "kind": "Pulse",
                    "period": 830
                  },
                  "type": "Icon",
                  "icon": {
                    "File": "Willbender\\Flowing_Resolve.png"
                  },
                  "tint": [
                    1.0,
                    1.0,
                    1.0,
                    1.0
                  ],
                  "zoom": 0.9090909,
                  "round": 0.0,
                  "border_size": 0.0,
                  "border_color": [
                    0.0,
                    0.0,
                    0.0,
                    1.0
                  ],
                  "conditions": [],
                  "duration_bar": false,
                  "duration_text": false,
                  "stacks_text": false,
                  "size": [
                    39.6,
                    39.6
                  ]
                },
                {
                  "enabled": true,
                  "name": "ON",
                  "anchor": "Parent",
                  "pos": [
                    0.0,
                    0.0
                  ],
                  "opacity": 1.0,
                  "trigger": {
                    "source": {
                      "type": "Inherit"
                    },
                    "threshold": {
                      "threshold_type": {
                        "Above": 3.0
                      },
                      "amount_type": "Duration"
                    }
                  },
                  "filter": {
                    "player": {
                      "combat": null,
                      "specs": [],
                      "weapons": [],
                      "traits": [],
                      "mounts": []
                    },
                    "map": {
                      "category": [],
                      "whitelist": true,
                      "ids": []
                    }
                  },
                  "animation": null,
                  "type": "Icon",
                  "icon": {
                    "File": "Willbender\\Flowing_Resolve.png"
                  },
                  "tint": [
                    1.0,
                    1.0,
                    1.0,
                    1.0
                  ],
                  "zoom": 0.9090909,
                  "round": 0.0,
                  "border_size": 0.0,
                  "border_color": [
                    0.0,
                    0.0,
                    0.0,
                    1.0
                  ],
                  "conditions": [],
                  "duration_bar": false,
                  "duration_text": false,
                  "stacks_text": false,
                  "size": [
                    39.6,
                    39.6
                  ]
                }
              ]
            },
            {
              "enabled": true,
              "name": "Courage",
              "anchor": "Parent",
              "pos": [
                -131.99998,
                -172.69998
              ],
              "opacity": 1.0,
              "trigger": {
                "source": {
                  "type": "Buff",
                  "combatant": "Player",
                  "ids": [
                    62615
                  ]
                },
                "threshold": {
                  "threshold_type": "Present",
                  "amount_type": "Intensity"
                }
              },
              "filter": {
                "player": {
                  "combat": null,
                  "specs": [],
                  "weapons": [],
                  "traits": [],
                  "mounts": []
                },
                "map": {
                  "category": [],
                  "whitelist": true,
                  "ids": []
                }
              },
              "animation": null,
              "type": "Group",
              "members": [
                {
                  "enabled": true,
                  "name": "BG",
                  "anchor": "Parent",
                  "pos": [
                    0.0,
                    0.0
                  ],
                  "opacity": 1.0,
                  "trigger": {
                    "source": {
                      "type": "Inherit"
                    },
                    "threshold": {
                      "threshold_type": "Present",
                      "amount_type": "Intensity"
                    }
                  },
                  "filter": {
                    "player": {
                      "combat": null,
                      "specs": [],
                      "weapons": [],
                      "traits": [],
                      "mounts": []
                    },
                    "map": {
                      "category": [],
                      "whitelist": true,
                      "ids": []
                    }
                  },
                  "animation": null,
                  "type": "Icon",
                  "icon": {
                    "File": "Willbender\\Crashing_Courage.png"
                  },
                  "tint": [
                    0.40579712,
                    0.40579307,
                    0.40579307,
                    1.0
                  ],
                  "zoom": 0.9090909,
                  "round": 0.0,
                  "border_size": 0.0,
                  "border_color": [
                    0.0,
                    0.0,
                    0.0,
                    1.0
                  ],
                  "conditions": [],
                  "duration_bar": false,
                  "duration_text": false,
                  "stacks_text": false,
                  "size": [
                    39.6,
                    39.6
                  ]
                },
                {
                  "enabled": true,
                  "name": "Pulse",
                  "anchor": "Parent",
                  "pos": [
                    0.0,
                    0.0
                  ],
                  "opacity": 1.0,
                  "trigger": {
                    "source": {
                      "type": "Inherit"
                    },
                    "threshold": {
                      "threshold_type": {
                        "Between": [
                          0.001,
                          2.999
                        ]
                      },
                      "amount_type": "Duration"
                    }
                  },
                  "filter": {
                    "player": {
                      "combat": null,
                      "specs": [],
                      "weapons": [],
                      "traits": [],
                      "mounts": []
                    },
                    "map": {
                      "category": [],
                      "whitelist": true,
                      "ids": []
                    }
                  },
                  "animation": {
                    "kind": "Pulse",
                    "period": 830
                  },
                  "type": "Icon",
                  "icon": {
                    "File": "Willbender\\Crashing_Courage.png"
                  },
                  "tint": [
                    1.0,
                    1.0,
                    1.0,
                    1.0
                  ],
                  "zoom": 0.9090909,
                  "round": 0.0,
                  "border_size": 0.0,
                  "border_color": [
                    0.0,
                    0.0,
                    0.0,
                    1.0
                  ],
                  "conditions": [],
                  "duration_bar": false,
                  "duration_text": false,
                  "stacks_text": false,
                  "size": [
                    39.6,
                    39.6
                  ]
                },
                {
                  "enabled": true,
                  "name": "ON",
                  "anchor": "Parent",
                  "pos": [
                    0.0,
                    0.0
                  ],
                  "opacity": 1.0,
                  "trigger": {
                    "source": {
                      "type": "Inherit"
                    },
                    "threshold": {
                      "threshold_type": {
                        "Above": 3.0
                      },
                      "amount_type": "Duration"
                    }
                  },
                  "filter": {
                    "player": {
                      "combat": null,
                      "specs": [],
                      "weapons": [],
                      "traits": [],
                      "mounts": []
                    },
                    "map": {
                      "category": [],
                      "whitelist": true,
                      "ids": []
                    }
                  },
                  "animation": null,
                  "type": "Icon",
                  "icon": {
                    "File": "Willbender\\Crashing_Courage.png"
                  },
                  "tint": [
                    1.0,
                    1.0,
                    1.0,
                    1.0
                  ],
                  "zoom": 0.9090909,
                  "round": 0.0,
                  "border_size": 0.0,
                  "border_color": [
                    0.0,
                    0.0,
                    0.0,
                    1.0
                  ],
                  "conditions": [],
                  "duration_bar": false,
                  "duration_text": false,
                  "stacks_text": false,
                  "size": [
                    39.6,
                    39.6
                  ]
                }
              ]
            }
          ]
        }
      ]
    },
    {
      "enabled": true,
      "name": "Interface Normal",
      "anchor": "Parent",
      "pos": [
        0.0,
        0.0
      ],
      "opacity": 1.0,
      "trigger": {
        "source": {
          "type": "Inherit"
        },
        "threshold": {
          "threshold_type": "Always",
          "amount_type": "Intensity"
        }
      },
      "filter": {
        "player": {
          "combat": null,
          "specs": [],
          "weapons": [],
          "traits": [],
          "mounts": []
        },
        "map": {
          "category": [],
          "whitelist": true,
          "ids": []
        }
      },
      "animation": null,
      "type": "Group",
      "members": [
        {
          "enabled": true,
          "name": "Root",
          "anchor": "Parent",
          "pos": [
            0.0,
            0.0
          ],
          "opacity": 1.0,
          "trigger": {
            "source": {
              "type": "Inherit"
            },
            "threshold": {
              "threshold_type": "Always",
              "amount_type": "Intensity"
            }
          },
          "filter": {
            "player": {
              "combat": null,
              "specs": [],
              "weapons": [],
              "traits": [],
              "mounts": []
            },
            "map": {
              "category": [],
              "whitelist": true,
              "ids": []
            }
          },
          "animation": null,
          "type": "Group",
          "members": [
            {
              "enabled": true,
              "name": "Justice",
              "anchor": "Parent",
              "pos": [
                -200.0,
                -157.0
              ],
              "opacity": 1.0,
              "trigger": {
                "source": {
                  "type": "Buff",
                  "combatant": "Player",
                  "ids": [
                    62529
                  ]
                },
                "threshold": {
                  "threshold_type": "Present",
                  "amount_type": "Intensity"
                }
              },
              "filter": {
                "player": {
                  "combat": null,
                  "specs": [],
                  "weapons": [],
                  "traits": [],
                  "mounts": []
                },
                "map": {
                  "category": [],
                  "whitelist": true,
                  "ids": []
                }
              },
              "animation": null,
              "type": "Group",
              "members": [
                {
                  "enabled": true,
                  "name": "BG",
                  "anchor": "Parent",
                  "pos": [
                    0.0,
                    0.0
                  ],
                  "opacity": 1.0,
                  "trigger": {
                    "source": {
                      "type": "Inherit"
                    },
                    "threshold": {
                      "threshold_type": "Present",
                      "amount_type": "Intensity"
                    }
                  },
                  "filter": {
                    "player": {
                      "combat": null,
                      "specs": [],
                      "weapons": [],
                      "traits": [],
                      "mounts": []
                    },
                    "map": {
                      "category": [],
                      "whitelist": true,
                      "ids": []
                    }
                  },
                  "animation": null,
                  "type": "Icon",
                  "icon": {
                    "File": "Willbender\\Rushing_Justice.png"
                  },
                  "tint": [
                    0.40579712,
                    0.40579307,
                    0.40579307,
                    1.0
                  ],
                  "zoom": 0.9090909,
                  "round": 0.0,
                  "border_size": 0.0,
                  "border_color": [
                    0.0,
                    0.0,
                    0.0,
                    1.0
                  ],
                  "conditions": [],
                  "duration_bar": false,
                  "duration_text": false,
                  "stacks_text": false,
                  "size": [
                    36.0,
                    36.0
                  ]
                },
                {
                  "enabled": true,
                  "name": "Pulse",
                  "anchor": "Parent",
                  "pos": [
                    0.0,
                    0.0
                  ],
                  "opacity": 1.0,
                  "trigger": {
                    "source": {
                      "type": "Inherit"
                    },
                    "threshold": {
                      "threshold_type": {
                        "Between": [
                          0.001,
                          2.999
                        ]
                      },
                      "amount_type": "Duration"
                    }
                  },
                  "filter": {
                    "player": {
                      "combat": null,
                      "specs": [],
                      "weapons": [],
                      "traits": [],
                      "mounts": []
                    },
                    "map": {
                      "category": [],
                      "whitelist": true,
                      "ids": []
                    }
                  },
                  "animation": {
                    "kind": "Pulse",
                    "period": 830
                  },
                  "type": "Icon",
                  "icon": {
                    "File": "Willbender\\Rushing_Justice.png"
                  },
                  "tint": [
                    1.0,
                    1.0,
                    1.0,
                    1.0
                  ],
                  "zoom": 0.9090909,
                  "round": 0.0,
                  "border_size": 0.0,
                  "border_color": [
                    0.0,
                    0.0,
                    0.0,
                    1.0
                  ],
                  "conditions": [],
                  "duration_bar": false,
                  "duration_text": false,
                  "stacks_text": false,
                  "size": [
                    36.0,
                    36.0
                  ]
                },
                {
                  "enabled": true,
                  "name": "ON",
                  "anchor": "Parent",
                  "pos": [
                    0.0,
                    0.0
                  ],
                  "opacity": 1.0,
                  "trigger": {
                    "source": {
                      "type": "Inherit"
                    },
                    "threshold": {
                      "threshold_type": {
                        "Above": 3.0
                      },
                      "amount_type": "Duration"
                    }
                  },
                  "filter": {
                    "player": {
                      "combat": null,
                      "specs": [],
                      "weapons": [],
                      "traits": [],
                      "mounts": []
                    },
                    "map": {
                      "category": [],
                      "whitelist": true,
                      "ids": []
                    }
                  },
                  "animation": null,
                  "type": "Icon",
                  "icon": {
                    "File": "Willbender\\Rushing_Justice.png"
                  },
                  "tint": [
                    1.0,
                    1.0,
                    1.0,
                    1.0
                  ],
                  "zoom": 0.9090909,
                  "round": 0.0,
                  "border_size": 0.0,
                  "border_color": [
                    0.0,
                    0.0,
                    0.0,
                    1.0
                  ],
                  "conditions": [],
                  "duration_bar": false,
                  "duration_text": false,
                  "stacks_text": false,
                  "size": [
                    36.0,
                    36.0
                  ]
                }
              ]
            },
            {
              "enabled": true,
              "name": "Resolve",
              "anchor": "Parent",
              "pos": [
                -160.0,
                -157.0
              ],
              "opacity": 1.0,
              "trigger": {
                "source": {
                  "type": "Buff",
                  "combatant": "Player",
                  "ids": [
                    62632
                  ]
                },
                "threshold": {
                  "threshold_type": "Present",
                  "amount_type": "Intensity"
                }
              },
              "filter": {
                "player": {
                  "combat": null,
                  "specs": [],
                  "weapons": [],
                  "traits": [],
                  "mounts": []
                },
                "map": {
                  "category": [],
                  "whitelist": true,
                  "ids": []
                }
              },
              "animation": null,
              "type": "Group",
              "members": [
                {
                  "enabled": true,
                  "name": "BG",
                  "anchor": "Parent",
                  "pos": [
                    0.0,
                    0.0
                  ],
                  "opacity": 1.0,
                  "trigger": {
                    "source": {
                      "type": "Inherit"
                    },
                    "threshold": {
                      "threshold_type": "Present",
                      "amount_type": "Intensity"
                    }
                  },
                  "filter": {
                    "player": {
                      "combat": null,
                      "specs": [],
                      "weapons": [],
                      "traits": [],
                      "mounts": []
                    },
                    "map": {
                      "category": [],
                      "whitelist": true,
                      "ids": []
                    }
                  },
                  "animation": null,
                  "type": "Icon",
                  "icon": {
                    "File": "Willbender\\Flowing_Resolve.png"
                  },
                  "tint": [
                    0.40579712,
                    0.40579307,
                    0.40579307,
                    1.0
                  ],
                  "zoom": 0.9090909,
                  "round": 0.0,
                  "border_size": 0.0,
                  "border_color": [
                    0.0,
                    0.0,
                    0.0,
                    1.0
                  ],
                  "conditions": [],
                  "duration_bar": false,
                  "duration_text": false,
                  "stacks_text": false,
                  "size": [
                    36.0,
                    36.0
                  ]
                },
                {
                  "enabled": true,
                  "name": "Pulse",
                  "anchor": "Parent",
                  "pos": [
                    0.0,
                    0.0
                  ],
                  "opacity": 1.0,
                  "trigger": {
                    "source": {
                      "type": "Inherit"
                    },
                    "threshold": {
                      "threshold_type": {
                        "Between": [
                          0.001,
                          2.999
                        ]
                      },
                      "amount_type": "Duration"
                    }
                  },
                  "filter": {
                    "player": {
                      "combat": null,
                      "specs": [],
                      "weapons": [],
                      "traits": [],
                      "mounts": []
                    },
                    "map": {
                      "category": [],
                      "whitelist": true,
                      "ids": []
                    }
                  },
                  "animation": {
                    "kind": "Pulse",
                    "period": 830
                  },
                  "type": "Icon",
                  "icon": {
                    "File": "Willbender\\Flowing_Resolve.png"
                  },
                  "tint": [
                    1.0,
                    1.0,
                    1.0,
                    1.0
                  ],
                  "zoom": 0.9090909,
                  "round": 0.0,
                  "border_size": 0.0,
                  "border_color": [
                    0.0,
                    0.0,
                    0.0,
                    1.0
                  ],
                  "conditions": [],
                  "duration_bar": false,
                  "duration_text": false,
                  "stacks_text": false,
                  "size": [
                    36.0,
                    36.0
                  ]
                },
                {
                  "enabled": true,
                  "name": "ON",
                  "anchor": "Parent",
                  "pos": [
                    0.0,
                    0.0
                  ],
                  "opacity": 1.0,
                  "trigger": {
                    "source": {
                      "type": "Inherit"
                    },
                    "threshold": {
                      "threshold_type": {
                        "Above": 3.0
                      },
                      "amount_type": "Duration"
                    }
                  },
                  "filter": {
                    "player": {
                      "combat": null,
                      "specs": [],
                      "weapons": [],
                      "traits": [],
                      "mounts": []
                    },
                    "map": {
                      "category": [],
                      "whitelist": true,
                      "ids": []
                    }
                  },
                  "animation": null,
                  "type": "Icon",
                  "icon": {
                    "File": "Willbender\\Flowing_Resolve.png"
                  },
                  "tint": [
                    1.0,
                    1.0,
                    1.0,
                    1.0
                  ],
                  "zoom": 0.9090909,
                  "round": 0.0,
                  "border_size": 0.0,
                  "border_color": [
                    0.0,
                    0.0,
                    0.0,
                    1.0
                  ],
                  "conditions": [],
                  "duration_bar": false,
                  "duration_text": false,
                  "stacks_text": false,
                  "size": [
                    36.0,
                    36.0
                  ]
                }
              ]
            },
            {
              "enabled": true,
              "name": "Courage",
              "anchor": "Parent",
              "pos": [
                -120.0,
                -157.0
              ],
              "opacity": 1.0,
              "trigger": {
                "source": {
                  "type": "Buff",
                  "combatant": "Player",
                  "ids": [
                    62615
                  ]
                },
                "threshold": {
                  "threshold_type": "Present",
                  "amount_type": "Intensity"
                }
              },
              "filter": {
                "player": {
                  "combat": null,
                  "specs": [],
                  "weapons": [],
                  "traits": [],
                  "mounts": []
                },
                "map": {
                  "category": [],
                  "whitelist": true,
                  "ids": []
                }
              },
              "animation": null,
              "type": "Group",
              "members": [
                {
                  "enabled": true,
                  "name": "BG",
                  "anchor": "Parent",
                  "pos": [
                    0.0,
                    0.0
                  ],
                  "opacity": 1.0,
                  "trigger": {
                    "source": {
                      "type": "Inherit"
                    },
                    "threshold": {
                      "threshold_type": "Present",
                      "amount_type": "Intensity"
                    }
                  },
                  "filter": {
                    "player": {
                      "combat": null,
                      "specs": [],
                      "weapons": [],
                      "traits": [],
                      "mounts": []
                    },
                    "map": {
                      "category": [],
                      "whitelist": true,
                      "ids": []
                    }
                  },
                  "animation": null,
                  "type": "Icon",
                  "icon": {
                    "File": "Willbender\\Crashing_Courage.png"
                  },
                  "tint": [
                    0.40579712,
                    0.40579307,
                    0.40579307,
                    1.0
                  ],
                  "zoom": 0.9090909,
                  "round": 0.0,
                  "border_size": 0.0,
                  "border_color": [
                    0.0,
                    0.0,
                    0.0,
                    1.0
                  ],
                  "conditions": [],
                  "duration_bar": false,
                  "duration_text": false,
                  "stacks_text": false,
                  "size": [
                    36.0,
                    36.0
                  ]
                },
                {
                  "enabled": true,
                  "name": "Pulse",
                  "anchor": "Parent",
                  "pos": [
                    0.0,
                    0.0
                  ],
                  "opacity": 1.0,
                  "trigger": {
                    "source": {
                      "type": "Inherit"
                    },
                    "threshold": {
                      "threshold_type": {
                        "Between": [
                          0.001,
                          2.999
                        ]
                      },
                      "amount_type": "Duration"
                    }
                  },
                  "filter": {
                    "player": {
                      "combat": null,
                      "specs": [],
                      "weapons": [],
                      "traits": [],
                      "mounts": []
                    },
                    "map": {
                      "category": [],
                      "whitelist": true,
                      "ids": []
                    }
                  },
                  "animation": {
                    "kind": "Pulse",
                    "period": 830
                  },
                  "type": "Icon",
                  "icon": {
                    "File": "Willbender\\Crashing_Courage.png"
                  },
                  "tint": [
                    1.0,
                    1.0,
                    1.0,
                    1.0
                  ],
                  "zoom": 0.9090909,
                  "round": 0.0,
                  "border_size": 0.0,
                  "border_color": [
                    0.0,
                    0.0,
                    0.0,
                    1.0
                  ],
                  "conditions": [],
                  "duration_bar": false,
                  "duration_text": false,
                  "stacks_text": false,
                  "size": [
                    36.0,
                    36.0
                  ]
                },
                {
                  "enabled": true,
                  "name": "ON",
                  "anchor": "Parent",
                  "pos": [
                    0.0,
                    0.0
                  ],
                  "opacity": 1.0,
                  "trigger": {
                    "source": {
                      "type": "Inherit"
                    },
                    "threshold": {
                      "threshold_type": {
                        "Above": 3.0
                      },
                      "amount_type": "Duration"
                    }
                  },
                  "filter": {
                    "player": {
                      "combat": null,
                      "specs": [],
                      "weapons": [],
                      "traits": [],
                      "mounts": []
                    },
                    "map": {
                      "category": [],
                      "whitelist": true,
                      "ids": []
                    }
                  },
                  "animation": null,
                  "type": "Icon",
                  "icon": {
                    "File": "Willbender\\Crashing_Courage.png"
                  },
                  "tint": [
                    1.0,
                    1.0,
                    1.0,
                    1.0
                  ],
                  "zoom": 0.9090909,
                  "round": 0.0,
                  "border_size": 0.0,
                  "border_color": [
                    0.0,
                    0.0,
                    0.0,
                    1.0
                  ],
                  "conditions": [],
                  "duration_bar": false,
                  "duration_text": false,
                  "stacks_text": false,
                  "size": [
                    36.0,
                    36.0
                  ]
                }
              ]
            }
          ]
        }
      ]
    },
    {
      "enabled": false,
      "name": "Interface Small",
      "anchor": "Parent",
      "pos": [
        0.0,
        0.0
      ],
      "opacity": 1.0,
      "trigger": {
        "source": {
          "type": "Inherit"
        },
        "threshold": {
          "threshold_type": "Always",
          "amount_type": "Intensity"
        }
      },
      "filter": {
        "player": {
          "combat": null,
          "specs": [],
          "weapons": [],
          "traits": [],
          "mounts": []
        },
        "map": {
          "category": [],
          "whitelist": true,
          "ids": []
        }
      },
      "animation": null,
      "type": "Group",
      "members": [
        {
          "enabled": true,
          "name": "Root",
          "anchor": "Parent",
          "pos": [
            0.0,
            0.0
          ],
          "opacity": 1.0,
          "trigger": {
            "source": {
              "type": "Inherit"
            },
            "threshold": {
              "threshold_type": "Always",
              "amount_type": "Intensity"
            }
          },
          "filter": {
            "player": {
              "combat": null,
              "specs": [],
              "weapons": [],
              "traits": [],
              "mounts": []
            },
            "map": {
              "category": [],
              "whitelist": true,
              "ids": []
            }
          },
          "animation": null,
          "type": "Group",
          "members": [
            {
              "enabled": true,
              "name": "Justice",
              "anchor": "Parent",
              "pos": [
                -180.0,
                -141.3
              ],
              "opacity": 1.0,
              "trigger": {
                "source": {
                  "type": "Buff",
                  "combatant": "Player",
                  "ids": [
                    62529
                  ]
                },
                "threshold": {
                  "threshold_type": "Present",
                  "amount_type": "Intensity"
                }
              },
              "filter": {
                "player": {
                  "combat": null,
                  "specs": [],
                  "weapons": [],
                  "traits": [],
                  "mounts": []
                },
                "map": {
                  "category": [],
                  "whitelist": true,
                  "ids": []
                }
              },
              "animation": null,
              "type": "Group",
              "members": [
                {
                  "enabled": true,
                  "name": "BG",
                  "anchor": "Parent",
                  "pos": [
                    0.0,
                    0.0
                  ],
                  "opacity": 1.0,
                  "trigger": {
                    "source": {
                      "type": "Inherit"
                    },
                    "threshold": {
                      "threshold_type": "Present",
                      "amount_type": "Intensity"
                    }
                  },
                  "filter": {
                    "player": {
                      "combat": null,
                      "specs": [],
                      "weapons": [],
                      "traits": [],
                      "mounts": []
                    },
                    "map": {
                      "category": [],
                      "whitelist": true,
                      "ids": []
                    }
                  },
                  "animation": null,
                  "type": "Icon",
                  "icon": {
                    "File": "Willbender\\Rushing_Justice.png"
                  },
                  "tint": [
                    0.40579712,
                    0.40579307,
                    0.40579307,
                    1.0
                  ],
                  "zoom": 0.9090909,
                  "round": 0.0,
                  "border_size": 0.0,
                  "border_color": [
                    0.0,
                    0.0,
                    0.0,
                    1.0
                  ],
                  "conditions": [],
                  "duration_bar": false,
                  "duration_text": false,
                  "stacks_text": false,
                  "size": [
                    32.399998,
                    32.399998
                  ]
                },
                {
                  "enabled": true,
                  "name": "Pulse",
                  "anchor": "Parent",
                  "pos": [
                    0.0,
                    0.0
                  ],
                  "opacity": 1.0,
                  "trigger": {
                    "source": {
                      "type": "Inherit"
                    },
                    "threshold": {
                      "threshold_type": {
                        "Between": [
                          0.001,
                          2.999
                        ]
                      },
                      "amount_type": "Duration"
                    }
                  },
                  "filter": {
                    "player": {
                      "combat": null,
                      "specs": [],
                      "weapons": [],
                      "traits": [],
                      "mounts": []
                    },
                    "map": {
                      "category": [],
                      "whitelist": true,
                      "ids": []
                    }
                  },
                  "animation": {
                    "kind": "Pulse",
                    "period": 830
                  },
                  "type": "Icon",
                  "icon": {
                    "File": "Willbender\\Rushing_Justice.png"
                  },
                  "tint": [
                    1.0,
                    1.0,
                    1.0,
                    1.0
                  ],
                  "zoom": 0.9090909,
                  "round": 0.0,
                  "border_size": 0.0,
                  "border_color": [
                    0.0,
                    0.0,
                    0.0,
                    1.0
                  ],
                  "conditions": [],
                  "duration_bar": false,
                  "duration_text": false,
                  "stacks_text": false,
                  "size": [
                    32.399998,
                    32.399998
                  ]
                },
                {
                  "enabled": true,
                  "name": "ON",
                  "anchor": "Parent",
                  "pos": [
                    0.0,
                    0.0
                  ],
                  "opacity": 1.0,
                  "trigger": {
                    "source": {
                      "type": "Inherit"
                    },
                    "threshold": {
                      "threshold_type": {
                        "Above": 3.0
                      },
                      "amount_type": "Duration"
                    }
                  },
                  "filter": {
                    "player": {
                      "combat": null,
                      "specs": [],
                      "weapons": [],
                      "traits": [],
                      "mounts": []
                    },
                    "map": {
                      "category": [],
                      "whitelist": true,
                      "ids": []
                    }
                  },
                  "animation": null,
                  "type": "Icon",
                  "icon": {
                    "File": "Willbender\\Rushing_Justice.png"
                  },
                  "tint": [
                    1.0,
                    1.0,
                    1.0,
                    1.0
                  ],
                  "zoom": 0.9090909,
                  "round": 0.0,
                  "border_size": 0.0,
                  "border_color": [
                    0.0,
                    0.0,
                    0.0,
                    1.0
                  ],
                  "conditions": [],
                  "duration_bar": false,
                  "duration_text": false,
                  "stacks_text": false,
                  "size": [
                    32.399998,
                    32.399998
                  ]
                }
              ]
            },
            {
              "enabled": true,
              "name": "Resolve",
              "anchor": "Parent",
              "pos": [
                -144.0,
                -141.3
              ],
              "opacity": 1.0,
              "trigger": {
                "source": {
                  "type": "Buff",
                  "combatant": "Player",
                  "ids": [
                    62632
                  ]
                },
                "threshold": {
                  "threshold_type": "Present",
                  "amount_type": "Intensity"
                }
              },
              "filter": {
                "player": {
                  "combat": null,
                  "specs": [],
                  "weapons": [],
                  "traits": [],
                  "mounts": []
                },
                "map": {
                  "category": [],
                  "whitelist": true,
                  "ids": []
                }
              },
              "animation": null,
              "type": "Group",
              "members": [
                {
                  "enabled": true,
                  "name": "BG",
                  "anchor": "Parent",
                  "pos": [
                    0.0,
                    0.0
                  ],
                  "opacity": 1.0,
                  "trigger": {
                    "source": {
                      "type": "Inherit"
                    },
                    "threshold": {
                      "threshold_type": "Present",
                      "amount_type": "Intensity"
                    }
                  },
                  "filter": {
                    "player": {
                      "combat": null,
                      "specs": [],
                      "weapons": [],
                      "traits": [],
                      "mounts": []
                    },
                    "map": {
                      "category": [],
                      "whitelist": true,
                      "ids": []
                    }
                  },
                  "animation": null,
                  "type": "Icon",
                  "icon": {
                    "File": "Willbender\\Flowing_Resolve.png"
                  },
                  "tint": [
                    0.40579712,
                    0.40579307,
                    0.40579307,
                    1.0
                  ],
                  "zoom": 0.9090909,
                  "round": 0.0,
                  "border_size": 0.0,
                  "border_color": [
                    0.0,
                    0.0,
                    0.0,
                    1.0
                  ],
                  "conditions": [],
                  "duration_bar": false,
                  "duration_text": false,
                  "stacks_text": false,
                  "size": [
                    32.399998,
                    32.399998
                  ]
                },
                {
                  "enabled": true,
                  "name": "Pulse",
                  "anchor": "Parent",
                  "pos": [
                    0.0,
                    0.0
                  ],
                  "opacity": 1.0,
                  "trigger": {
                    "source": {
                      "type": "Inherit"
                    },
                    "threshold": {
                      "threshold_type": {
                        "Between": [
                          0.001,
                          2.999
                        ]
                      },
                      "amount_type": "Duration"
                    }
                  },
                  "filter": {
                    "player": {
                      "combat": null,
                      "specs": [],
                      "weapons": [],
                      "traits": [],
                      "mounts": []
                    },
                    "map": {
                      "category": [],
                      "whitelist": true,
                      "ids": []
                    }
                  },
                  "animation": {
                    "kind": "Pulse",
                    "period": 830
                  },
                  "type": "Icon",
                  "icon": {
                    "File": "Willbender\\Flowing_Resolve.png"
                  },
                  "tint": [
                    1.0,
                    1.0,
                    1.0,
                    1.0
                  ],
                  "zoom": 0.9090909,
                  "round": 0.0,
                  "border_size": 0.0,
                  "border_color": [
                    0.0,
                    0.0,
                    0.0,
                    1.0
                  ],
                  "conditions": [],
                  "duration_bar": false,
                  "duration_text": false,
                  "stacks_text": false,
                  "size": [
                    32.399998,
                    32.399998
                  ]
                },
                {
                  "enabled": true,
                  "name": "ON",
                  "anchor": "Parent",
                  "pos": [
                    0.0,
                    0.0
                  ],
                  "opacity": 1.0,
                  "trigger": {
                    "source": {
                      "type": "Inherit"
                    },
                    "threshold": {
                      "threshold_type": {
                        "Above": 3.0
                      },
                      "amount_type": "Duration"
                    }
                  },
                  "filter": {
                    "player": {
                      "combat": null,
                      "specs": [],
                      "weapons": [],
                      "traits": [],
                      "mounts": []
                    },
                    "map": {
                      "category": [],
                      "whitelist": true,
                      "ids": []
                    }
                  },
                  "animation": null,
                  "type": "Icon",
                  "icon": {
                    "File": "Willbender\\Flowing_Resolve.png"
                  },
                  "tint": [
                    1.0,
                    1.0,
                    1.0,
                    1.0
                  ],
                  "zoom": 0.9090909,
                  "round": 0.0,
                  "border_size": 0.0,
                  "border_color": [
                    0.0,
                    0.0,
                    0.0,
                    1.0
                  ],
                  "conditions": [],
                  "duration_bar": false,
                  "duration_text": false,
                  "stacks_text": false,
                  "size": [
                    32.399998,
                    32.399998
                  ]
                }
              ]
            },
            {
              "enabled": true,
              "name": "Courage",
              "anchor": "Parent",
              "pos": [
                -108.0,
                -141.3
              ],
              "opacity": 1.0,
              "trigger": {
                "source": {
                  "type": "Buff",
                  "combatant": "Player",
                  "ids": [
                    62615
                  ]
                },
                "threshold": {
                  "threshold_type": "Present",
                  "amount_type": "Intensity"
                }
              },
              "filter": {
                "player": {
                  "combat": null,
                  "specs": [],
                  "weapons": [],
                  "traits": [],
                  "mounts": []
                },
                "map": {
                  "category": [],
                  "whitelist": true,
                  "ids": []
                }
              },
              "animation": null,
              "type": "Group",
              "members": [
                {
                  "enabled": true,
                  "name": "BG",
                  "anchor": "Parent",
                  "pos": [
                    0.0,
                    0.0
                  ],
                  "opacity": 1.0,
                  "trigger": {
                    "source": {
                      "type": "Inherit"
                    },
                    "threshold": {
                      "threshold_type": "Present",
                      "amount_type": "Intensity"
                    }
                  },
                  "filter": {
                    "player": {
                      "combat": null,
                      "specs": [],
                      "weapons": [],
                      "traits": [],
                      "mounts": []
                    },
                    "map": {
                      "category": [],
                      "whitelist": true,
                      "ids": []
                    }
                  },
                  "animation": null,
                  "type": "Icon",
                  "icon": {
                    "File": "Willbender\\Crashing_Courage.png"
                  },
                  "tint": [
                    0.40579712,
                    0.40579307,
                    0.40579307,
                    1.0
                  ],
                  "zoom": 0.9090909,
                  "round": 0.0,
                  "border_size": 0.0,
                  "border_color": [
                    0.0,
                    0.0,
                    0.0,
                    1.0
                  ],
                  "conditions": [],
                  "duration_bar": false,
                  "duration_text": false,
                  "stacks_text": false,
                  "size": [
                    32.399998,
                    32.399998
                  ]
                },
                {
                  "enabled": true,
                  "name": "Pulse",
                  "anchor": "Parent",
                  "pos": [
                    0.0,
                    0.0
                  ],
                  "opacity": 1.0,
                  "trigger": {
                    "source": {
                      "type": "Inherit"
                    },
                    "threshold": {
                      "threshold_type": {
                        "Between": [
                          0.001,
                          2.999
                        ]
                      },
                      "amount_type": "Duration"
                    }
                  },
                  "filter": {
                    "player": {
                      "combat": null,
                      "specs": [],
                      "weapons": [],
                      "traits": [],
                      "mounts": []
                    },
                    "map": {
                      "category": [],
                      "whitelist": true,
                      "ids": []
                    }
                  },
                  "animation": {
                    "kind": "Pulse",
                    "period": 830
                  },
                  "type": "Icon",
                  "icon": {
                    "File": "Willbender\\Crashing_Courage.png"
                  },
                  "tint": [
                    1.0,
                    1.0,
                    1.0,
                    1.0
                  ],
                  "zoom": 0.9090909,
                  "round": 0.0,
                  "border_size": 0.0,
                  "border_color": [
                    0.0,
                    0.0,
                    0.0,
                    1.0
                  ],
                  "conditions": [],
                  "duration_bar": false,
                  "duration_text": false,
                  "stacks_text": false,
                  "size": [
                    32.399998,
                    32.399998
                  ]
                },
                {
                  "enabled": true,
                  "name": "ON",
                  "anchor": "Parent",
                  "pos": [
                    0.0,
                    0.0
                  ],
                  "opacity": 1.0,
                  "trigger": {
                    "source": {
                      "type": "Inherit"
                    },
                    "threshold": {
                      "threshold_type": {
                        "Above": 3.0
                      },
                      "amount_type": "Duration"
                    }
                  },
                  "filter": {
                    "player": {
                      "combat": null,
                      "specs": [],
                      "weapons": [],
                      "traits": [],
                      "mounts": []
                    },
                    "map": {
                      "category": [],
                      "whitelist": true,
                      "ids": []
                    }
                  },
                  "animation": null,
                  "type": "Icon",
                  "icon": {
                    "File": "Willbender\\Crashing_Courage.png"
                  },
                  "tint": [
                    1.0,
                    1.0,
                    1.0,
                    1.0
                  ],
                  "zoom": 0.9090909,
                  "round": 0.0,
                  "border_size": 0.0,
                  "border_color": [
                    0.0,
                    0.0,
                    0.0,
                    1.0
                  ],
                  "conditions": [],
                  "duration_bar": false,
                  "duration_text": false,
                  "stacks_text": false,
                  "size": [
                    32.399998,
                    32.399998
                  ]
                }
              ]
            }
          ]
        }
      ]
    }
  ]
}